regiao;filial;real_mes;grupo
REGIÃO 1  - NOROESTE;3;422135,42;Regionais
REGIÃO 1  - NOROESTE;5;230439,78;Regionais
REGIÃO 1  - NOROESTE;7;262253,11;Regionais
REGIÃO 1  - NOROESTE;8;196285,41;Regionais
REGIÃO 1  - NOROESTE;9;288531,06;Regionais
REGIÃO 1  - NOROESTE;10;166559,79;Regionais
REGIÃO 1  - NOROESTE;12;306439,36;Regionais
REGIÃO 1  - NOROESTE;14;441777,91;Regionais
REGIÃO 1  - NOROESTE;15;249557,78;Regionais
REGIÃO 1  - NOROESTE;16;252545,96;Regionais
REGIÃO 1  - NOROESTE;17;189925,45;Regionais
REGIÃO 1  - NOROESTE;19;325499,22;Regionais
REGIÃO 1  - NOROESTE;21;835560,69;Regionais
REGIÃO 1  - NOROESTE;23;322034,64;Regionais
REGIÃO 1  - NOROESTE;26;196018,89;Regionais
REGIÃO 1  - NOROESTE;34;161497,45;Regionais
REGIÃO 1  - NOROESTE;37;254270,32;Regionais
REGIÃO 1  - NOROESTE;38;96275,85;Regionais
REGIÃO 1  - NOROESTE;41;164933,14;Regionais
REGIÃO 1  - NOROESTE;58;95544,68;Regionais
REGIÃO 1  - NOROESTE;68;117371,4;Regionais
REGIÃO 1  - NOROESTE;280;106664,9;Regionais
REGIÃO 1  - NOROESTE;308;123889,9;Regionais
REGIÃO 1  - NOROESTE;312;246841,62;Regionais
REGIÃO 1  - NOROESTE;371;159572,09;MNM_RS
REGIÃO 1  - NOROESTE;374;137620,02;Regionais
REGIÃO 1  - NOROESTE;379;82915,29;Regionais
REGIÃO 1  - NOROESTE;646;110904,56;LN_1a
REGIÃO 1  - NOROESTE;654;88037,68;LN_1a
REGIÃO 2  - MISSÕES;4;206902;MNM_RS
REGIÃO 2  - MISSÕES;11;85354,67;Regionais
REGIÃO 2  - MISSÕES;20;119135,72;Regionais
REGIÃO 2  - MISSÕES;22;314332,21;Regionais
REGIÃO 2  - MISSÕES;24;312246,19;Regionais
REGIÃO 2  - MISSÕES;29;228782,45;MNM_RS
REGIÃO 2  - MISSÕES;30;149028,55;Regionais
REGIÃO 2  - MISSÕES;39;229888,87;Regionais
REGIÃO 2  - MISSÕES;46;282210,79;Regionais
REGIÃO 2  - MISSÕES;52;316007,09;Regionais
REGIÃO 2  - MISSÕES;60;114981,34;Regionais
REGIÃO 2  - MISSÕES;61;78758,81;Regionais
REGIÃO 2  - MISSÕES;62;126634,06;MNM_RS
REGIÃO 2  - MISSÕES;71;102375,73;Regionais
REGIÃO 2  - MISSÕES;72;504049,53;Regionais
REGIÃO 2  - MISSÕES;76;304581,79;Regionais
REGIÃO 2  - MISSÕES;80;114771,79;MNM_RS
REGIÃO 2  - MISSÕES;171;143670,71;Regionais
REGIÃO 2  - MISSÕES;186;216739,89;MNM_RS
REGIÃO 2  - MISSÕES;316;222718,97;Regionais
REGIÃO 2  - MISSÕES;324;153954,62;Regionais
REGIÃO 2  - MISSÕES;366;132277,76;Regionais
REGIÃO 2  - MISSÕES;385;209375,7;Regionais
REGIÃO 2  - MISSÕES;398;103351,71;Regionais
REGIÃO 2  - MISSÕES;405;61516,79;Regionais
REGIÃO 2  - MISSÕES;491;119205,29;Regionais
REGIÃO 2  - MISSÕES;645;174230,85;LN_1a
REGIÃO 3  - NORTE;18;158559,09;Regionais
REGIÃO 3  - NORTE;25;452218,66;Regionais
REGIÃO 3  - NORTE;31;191888,11;Regionais
REGIÃO 3  - NORTE;53;236798,35;Regionais
REGIÃO 3  - NORTE;73;266727,38;Regionais
REGIÃO 3  - NORTE;75;245207,02;Regionais
REGIÃO 3  - NORTE;83;364296,82;Regionais
REGIÃO 3  - NORTE;94;534882,62;Regionais
REGIÃO 3  - NORTE;122;296838,41;Regionais
REGIÃO 3  - NORTE;196;287765,76;Regionais
REGIÃO 3  - NORTE;197;553928,36;Regionais
REGIÃO 3  - NORTE;213;108524,72;Regionais
REGIÃO 3  - NORTE;221;132131,04;Regionais
REGIÃO 3  - NORTE;223;169264,46;Regionais
REGIÃO 3  - NORTE;224;412957,04;Regionais
REGIÃO 3  - NORTE;241;113617,13;Regionais
REGIÃO 3  - NORTE;286;253438,95;Regionais
REGIÃO 3  - NORTE;296;167603,47;Regionais
REGIÃO 3  - NORTE;297;192196,51;Regionais
REGIÃO 3  - NORTE;315;141417,15;Regionais
REGIÃO 3  - NORTE;323;224415,65;Regionais
REGIÃO 3  - NORTE;325;320985,88;Regionais
REGIÃO 3  - NORTE;364;302708,72;Regionais
REGIÃO 3  - NORTE;389;137317,38;Regionais
REGIÃO 3  - NORTE;397;139603,12;MNM_RS
REGIÃO 3  - NORTE;529;113058,22;Regionais
REGIÃO 3  - NORTE;552;98656,99;Regionais
REGIÃO 3  - NORTE;584;90005,17;Regionais
REGIÃO 4  - CENTRO;45;112659,51;MNM_RS
REGIÃO 4  - CENTRO;51;442841,47;Regionais
REGIÃO 4  - CENTRO;59;291417,96;Regionais
REGIÃO 4  - CENTRO;64;136947,3;Regionais
REGIÃO 4  - CENTRO;69;99029,6;Regionais
REGIÃO 4  - CENTRO;92;195234,44;Regionais
REGIÃO 4  - CENTRO;95;146473,61;Regionais
REGIÃO 4  - CENTRO;104;407200,91;Regionais
REGIÃO 4  - CENTRO;114;259091,29;Regionais
REGIÃO 4  - CENTRO;115;354643,96;Regionais
REGIÃO 4  - CENTRO;123;282750,2;Regionais
REGIÃO 4  - CENTRO;130;141503,84;Regionais
REGIÃO 4  - CENTRO;133;252450,47;Regionais
REGIÃO 4  - CENTRO;141;13289,49;Regionais
REGIÃO 4  - CENTRO;142;404966,37;Regionais
REGIÃO 4  - CENTRO;153;319460,81;Regionais
REGIÃO 4  - CENTRO;170;79756,69;Regionais
REGIÃO 4  - CENTRO;194;239800,48;Regionais
REGIÃO 4  - CENTRO;226;106465,09;Regionais
REGIÃO 4  - CENTRO;287;138144,45;Regionais
REGIÃO 4  - CENTRO;303;244095,02;Regionais
REGIÃO 4  - CENTRO;336;196782,66;Regionais
REGIÃO 4  - CENTRO;346;146439,28;Regionais
REGIÃO 4  - CENTRO;351;198232,17;Regionais
REGIÃO 4  - CENTRO;450;157743,43;Regionais
REGIÃO 4  - CENTRO;527;179915,81;Regionais
REGIÃO 4  - CENTRO;618;96484,52;LN_2a
REGIÃO 5  - SINOS;56;127857,35;Regionais
REGIÃO 5  - SINOS;78;343969,79;Regionais
REGIÃO 5  - SINOS;82;259482,98;Regionais
REGIÃO 5  - SINOS;84;266809,26;Regionais
REGIÃO 5  - SINOS;89;152981,86;Regionais
REGIÃO 5  - SINOS;101;258709,79;Regionais
REGIÃO 5  - SINOS;105;216988,8;Regionais
REGIÃO 5  - SINOS;106;219415,73;Regionais
REGIÃO 5  - SINOS;117;121478,48;Regionais
REGIÃO 5  - SINOS;118;232854,85;Regionais
REGIÃO 5  - SINOS;179;79827,54;Regionais
REGIÃO 5  - SINOS;201;117781,43;Regionais
REGIÃO 5  - SINOS;202;206295,42;Regionais
REGIÃO 5  - SINOS;255;456604,83;Regionais
REGIÃO 5  - SINOS;307;121041,32;Regionais
REGIÃO 5  - SINOS;314;79801,25;Regionais
REGIÃO 5  - SINOS;388;112144,28;Regionais
REGIÃO 5  - SINOS;418;103892,46;Regionais
REGIÃO 5  - SINOS;442;74880,24;Regionais
REGIÃO 5  - SINOS;454;104912,81;Regionais
REGIÃO 5  - SINOS;580;185202,58;Regionais
REGIÃO 5  - SINOS;612;81733,07;Regionais
REGIÃO 6  - SERRA;98;266081,68;MNM_RS
REGIÃO 6  - SERRA;134;343272,69;MNM_RS
REGIÃO 6  - SERRA;136;170251,42;Regionais
REGIÃO 6  - SERRA;167;98012,61;Regionais
REGIÃO 6  - SERRA;178;260843,21;Regionais
REGIÃO 6  - SERRA;183;246269,94;Regionais
REGIÃO 6  - SERRA;185;443975,85;MNM_RS
REGIÃO 6  - SERRA;189;179995,27;Regionais
REGIÃO 6  - SERRA;193;518707,32;Regionais
REGIÃO 6  - SERRA;198;265453,22;Regionais
REGIÃO 6  - SERRA;206;249859,54;Regionais
REGIÃO 6  - SERRA;209;186733,63;Regionais
REGIÃO 6  - SERRA;218;198258,55;MNM_RS
REGIÃO 6  - SERRA;257;523030,73;Regionais
REGIÃO 6  - SERRA;284;97684,93;Regionais
REGIÃO 6  - SERRA;289;171303,95;Regionais
REGIÃO 6  - SERRA;306;223671,33;Regionais
REGIÃO 6  - SERRA;319;162657,7;Regionais
REGIÃO 6  - SERRA;340;256615,22;Regionais
REGIÃO 6  - SERRA;343;219805,62;Regionais
REGIÃO 6  - SERRA;382;135345,65;Regionais
REGIÃO 6  - SERRA;427;290942,08;MNM_RS
REGIÃO 6  - SERRA;508;415825,23;Regionais
REGIÃO 6  - SERRA;635;158654,89;LN_2a
REGIÃO 7  - VALES;99;351180;Regionais
REGIÃO 7  - VALES;137;160881,67;MNM_RS
REGIÃO 7  - VALES;138;134088,31;Regionais
REGIÃO 7  - VALES;143;199075,75;Regionais
REGIÃO 7  - VALES;144;140401,17;MNM_RS
REGIÃO 7  - VALES;145;335751,96;Regionais
REGIÃO 7  - VALES;146;246031,87;Regionais
REGIÃO 7  - VALES;147;168985,96;Regionais
REGIÃO 7  - VALES;148;209098,54;Regionais
REGIÃO 7  - VALES;149;330497,38;Regionais
REGIÃO 7  - VALES;151;195044,52;Regionais
REGIÃO 7  - VALES;152;140520,01;Regionais
REGIÃO 7  - VALES;154;296640,44;Regionais
REGIÃO 7  - VALES;156;358184,82;Regionais
REGIÃO 7  - VALES;159;229423,48;Regionais
REGIÃO 7  - VALES;174;363847,18;Regionais
REGIÃO 7  - VALES;181;292619,94;Regionais
REGIÃO 7  - VALES;295;381966,72;Regionais
REGIÃO 7  - VALES;375;137250,68;Regionais
REGIÃO 7  - VALES;412;217822,31;Regionais
REGIÃO 7  - VALES;413;145535,14;Regionais
REGIÃO 7  - VALES;611;100255,6;Regionais
REGIÃO 7  - VALES;623;219333,17;LN_2a
REGIÃO 8  - FRONTEIRA;13;425871,95;Regionais
REGIÃO 8  - FRONTEIRA;36;352257,36;Regionais
REGIÃO 8  - FRONTEIRA;43;455528,65;Regionais
REGIÃO 8  - FRONTEIRA;44;647272,75;Regionais
REGIÃO 8  - FRONTEIRA;47;424571,43;Regionais
REGIÃO 8  - FRONTEIRA;49;839088,28;Regionais
REGIÃO 8  - FRONTEIRA;50;320885,32;Regionais
REGIÃO 8  - FRONTEIRA;65;576579,51;Regionais
REGIÃO 8  - FRONTEIRA;86;498037,09;Regionais
REGIÃO 8  - FRONTEIRA;90;474609,93;Regionais
REGIÃO 8  - FRONTEIRA;112;277348,43;Regionais
REGIÃO 8  - FRONTEIRA;120;231360;MNM_RS
REGIÃO 8  - FRONTEIRA;121;289012,6;Regionais
REGIÃO 8  - FRONTEIRA;172;424038,57;Regionais
REGIÃO 8  - FRONTEIRA;261;208303,61;Regionais
REGIÃO 8  - FRONTEIRA;309;434497,82;Regionais
REGIÃO 8  - FRONTEIRA;331;180992,69;Regionais
REGIÃO 8  - FRONTEIRA;344;220830,12;Regionais
REGIÃO 9  - CHAPECÓ;40;194697,7;Regionais
REGIÃO 9  - CHAPECÓ;48;441117,97;Regionais
REGIÃO 9  - CHAPECÓ;207;130108,24;Regionais
REGIÃO 9  - CHAPECÓ;208;135608,03;Regionais
REGIÃO 9  - CHAPECÓ;220;274131,95;Regionais
REGIÃO 9  - CHAPECÓ;225;98468,65;Regionais
REGIÃO 9  - CHAPECÓ;227;143717,33;Regionais
REGIÃO 9  - CHAPECÓ;275;111261,76;Regionais
REGIÃO 9  - CHAPECÓ;281;134074,96;Regionais
REGIÃO 9  - CHAPECÓ;339;68354,44;Regionais
REGIÃO 9  - CHAPECÓ;377;131188,85;Regionais
REGIÃO 9  - CHAPECÓ;378;107857,49;Regionais
REGIÃO 9  - CHAPECÓ;402;142233,01;Regionais
REGIÃO 9  - CHAPECÓ;419;121090,83;Regionais
REGIÃO 9  - CHAPECÓ;451;114691,75;Regionais
REGIÃO 9  - CHAPECÓ;456;106457,71;Regionais
REGIÃO 9  - CHAPECÓ;464;59812,41;Regionais
REGIÃO 9  - CHAPECÓ;467;74632,22;Regionais
REGIÃO 9  - CHAPECÓ;482;152537,2;Regionais
REGIÃO 9  - CHAPECÓ;492;68865,66;Regionais
REGIÃO 9  - CHAPECÓ;500;97776,72;Regionais
REGIÃO 9  - CHAPECÓ;537;149511,4;Regionais
REGIÃO 9  - CHAPECÓ;568;99426,57;Regionais
REGIÃO 9  - CHAPECÓ;581;51009,68;Regionais
REGIÃO 9  - CHAPECÓ;597;83683,03;Regionais
REGIÃO 10 - LAGES;222;222622,31;Regionais
REGIÃO 10 - LAGES;234;395595,6;Regionais
REGIÃO 10 - LAGES;236;291820,16;Regionais
REGIÃO 10 - LAGES;244;331448,63;Regionais
REGIÃO 10 - LAGES;246;177105,06;Regionais
REGIÃO 10 - LAGES;250;224007,54;Regionais
REGIÃO 10 - LAGES;252;87022,39;MNM_LN
REGIÃO 10 - LAGES;253;54836,7;Regionais
REGIÃO 10 - LAGES;268;180121,22;Regionais
REGIÃO 10 - LAGES;283;315714,71;Regionais
REGIÃO 10 - LAGES;290;115717,99;Regionais
REGIÃO 10 - LAGES;410;124708,95;Regionais
REGIÃO 10 - LAGES;469;65010,89;Regionais
REGIÃO 10 - LAGES;473;88866,05;Regionais
REGIÃO 10 - LAGES;483;104823,99;Regionais
REGIÃO 10 - LAGES;505;197328,78;Regionais
REGIÃO 10 - LAGES;549;182118,4;Regionais
REGIÃO 10 - LAGES;604;126077,04;Regionais
REGIÃO 10 - LAGES;624;93901,67;LN_2a
REGIÃO 10 - LAGES;626;200533,34;LN_2a
REGIÃO 10 - LAGES;633;98543,85;LN_2a
REGIÃO 10 - LAGES;656;72370,96;LN_1a
REGIÃO 10 - LAGES;665;137926,15;LN_1a
REGIÃO 10 - LAGES;670;86916,74;LN_1a
REGIÃO 11 - GRANDE POA;55;152779,26;Regionais
REGIÃO 11 - GRANDE POA;66;165132,09;Regionais
REGIÃO 11 - GRANDE POA;97;167477,11;Regionais
REGIÃO 11 - GRANDE POA;107;163872,42;MNM_RS
REGIÃO 11 - GRANDE POA;109;349168,51;Regionais
REGIÃO 11 - GRANDE POA;110;341982,25;Regionais
REGIÃO 11 - GRANDE POA;187;180666,28;Regionais
REGIÃO 11 - GRANDE POA;205;331428,34;Regionais
REGIÃO 11 - GRANDE POA;229;683696,8;Regionais
REGIÃO 11 - GRANDE POA;258;308382,48;Regionais
REGIÃO 11 - GRANDE POA;259;94432,78;Regionais
REGIÃO 11 - GRANDE POA;260;110799,68;Regionais
REGIÃO 11 - GRANDE POA;262;338953,26;Regionais
REGIÃO 11 - GRANDE POA;263;273285,5;Regionais
REGIÃO 11 - GRANDE POA;264;162462,48;Regionais
REGIÃO 11 - GRANDE POA;266;113355,32;Regionais
REGIÃO 11 - GRANDE POA;267;111221,86;Regionais
REGIÃO 11 - GRANDE POA;301;106887,59;Regionais
REGIÃO 11 - GRANDE POA;302;122231,35;Regionais
REGIÃO 11 - GRANDE POA;317;149569,36;Regionais
REGIÃO 11 - GRANDE POA;349;131390,16;Regionais
REGIÃO 11 - GRANDE POA;360;124485,64;Regionais
REGIÃO 11 - GRANDE POA;401;140041,43;Regionais
REGIÃO 11 - GRANDE POA;435;109656,23;Regionais
REGIÃO 11 - GRANDE POA;602;181021,72;Regionais
REGIÃO 12  - SUL;81;292588,49;Regionais
REGIÃO 12  - SUL;85;182163,83;Regionais
REGIÃO 12  - SUL;88;167939,4;Regionais
REGIÃO 12  - SUL;93;333106,87;Regionais
REGIÃO 12  - SUL;103;449946,11;Regionais
REGIÃO 12  - SUL;108;352278,36;Regionais
REGIÃO 12  - SUL;180;365451,99;Regionais
REGIÃO 12  - SUL;182;238470,7;Regionais
REGIÃO 12  - SUL;188;104108,28;Regionais
REGIÃO 12  - SUL;190;166125,17;MNM_RS
REGIÃO 12  - SUL;191;393545,03;Regionais
REGIÃO 12  - SUL;195;198982,77;Regionais
REGIÃO 12  - SUL;215;330971,44;Regionais
REGIÃO 12  - SUL;219;119061,54;Regionais
REGIÃO 12  - SUL;247;226502,32;Regionais
REGIÃO 12  - SUL;265;205229,84;Regionais
REGIÃO 12  - SUL;270;150958,06;Regionais
REGIÃO 12  - SUL;291;120617,11;Regionais
REGIÃO 12  - SUL;293;164768,43;Regionais
REGIÃO 12  - SUL;300;515871,13;Regionais
REGIÃO 12  - SUL;341;312650,96;Regionais
REGIÃO 12  - SUL;361;319767,95;Regionais
REGIÃO 12  - SUL;393;229138,79;Regionais
REGIÃO 12  - SUL;445;215795,35;Regionais
REGIÃO 12  - SUL;484;167132,75;Regionais
REGIÃO 12  - SUL;608;111869,33;Regionais
REGIÃO 12  - SUL;630;185545,41;LN_2a
REGIÃO 12  - SUL;667;125813,19;LN_1a
REGIÃO 13  - LAJEADO;132;125774,52;Regionais
REGIÃO 13  - LAJEADO;139;196976,31;Regionais
REGIÃO 13  - LAJEADO;140;86460,88;MNM_RS
REGIÃO 13  - LAJEADO;155;149112,47;Regionais
REGIÃO 13  - LAJEADO;160;115555,65;Regionais
REGIÃO 13  - LAJEADO;161;158929,4;Regionais
REGIÃO 13  - LAJEADO;166;153542,75;MNM_RS
REGIÃO 13  - LAJEADO;231;277843,24;Regionais
REGIÃO 13  - LAJEADO;278;111726,8;Regionais
REGIÃO 13  - LAJEADO;310;56660,97;Regionais
REGIÃO 13  - LAJEADO;311;102265,73;MNM_RS
REGIÃO 13  - LAJEADO;355;122957,78;Regionais
REGIÃO 13  - LAJEADO;408;113770,07;Regionais
REGIÃO 13  - LAJEADO;409;185697,26;Regionais
REGIÃO 13  - LAJEADO;423;82415,56;MNM_RS
REGIÃO 13  - LAJEADO;449;120488,43;Regionais
REGIÃO 13  - LAJEADO;472;78557,7;Regionais
REGIÃO 13  - LAJEADO;481;130290,67;Regionais
REGIÃO 13  - LAJEADO;102;240596,37;Regionais
REGIÃO 13  - LAJEADO;126;350894,48;Regionais
REGIÃO 13  - LAJEADO;127;126155,18;Regionais
REGIÃO 13  - LAJEADO;131;221351,81;Regionais
REGIÃO 14  - CASCAVEL;238;301835,57;Regionais
REGIÃO 14  - CASCAVEL;239;170704,66;Regionais
REGIÃO 14  - CASCAVEL;329;280679,15;Regionais
REGIÃO 14  - CASCAVEL;330;138107,59;Regionais
REGIÃO 14  - CASCAVEL;342;52587,33;Regionais
REGIÃO 14  - CASCAVEL;403;142990,94;Regionais
REGIÃO 14  - CASCAVEL;426;96624,51;Regionais
REGIÃO 14  - CASCAVEL;433;105422,06;Regionais
REGIÃO 14  - CASCAVEL;441;150216,91;Regionais
REGIÃO 14  - CASCAVEL;458;92161,99;MNM_LN
REGIÃO 14  - CASCAVEL;475;139,9;Regionais
REGIÃO 14  - CASCAVEL;480;63512,3;Regionais
REGIÃO 14  - CASCAVEL;485;139380,32;MNM_LN
REGIÃO 14  - CASCAVEL;496;103439,45;Regionais
REGIÃO 14  - CASCAVEL;501;170099,27;Regionais
REGIÃO 14  - CASCAVEL;514;138608,13;Regionais
REGIÃO 14  - CASCAVEL;526;120506,03;Regionais
REGIÃO 14  - CASCAVEL;550;151485,3;Regionais
REGIÃO 14  - CASCAVEL;551;134063,63;Regionais
REGIÃO 14  - CASCAVEL;582;87945,67;Regionais
REGIÃO 14  - CASCAVEL;587;171819,38;Regionais
REGIÃO 14  - CASCAVEL;595;141694,71;Regionais
REGIÃO 14  - CASCAVEL;615;178107,81;Regionais
REGIÃO 14  - CASCAVEL;619;107920,75;LN_2a
REGIÃO 14  - CASCAVEL;620;123736,24;LN_2a
REGIÃO 14  - CASCAVEL;657;145633,83;LN_1a
REGIÃO 14  - CASCAVEL;660;85920,84;LN_1a
REGIÃO 14  - CASCAVEL;663;172636,03;LN_1a
REGIÃO 15  - BLUMENAU;565;186618,92;Regionais
REGIÃO 15  - BLUMENAU;269;196671,88;MNM_LN
REGIÃO 15  - BLUMENAU;273;199260,73;Regionais
REGIÃO 15  - BLUMENAU;276;56927,02;Regionais
REGIÃO 15  - BLUMENAU;282;77050,24;EGM_EBITDA
REGIÃO 15  - BLUMENAU;294;55669,28;Regionais
REGIÃO 15  - BLUMENAU;363;166568,79;Regionais
REGIÃO 15  - BLUMENAU;365;77352,38;MNM_LN
REGIÃO 15  - BLUMENAU;369;80889,94;Regionais
REGIÃO 15  - BLUMENAU;380;68430,64;EGM_EBITDA
REGIÃO 15  - BLUMENAU;387;172477,67;Regionais
REGIÃO 15  - BLUMENAU;390;94074,34;EGM_EBITDA
REGIÃO 15  - BLUMENAU;399;69626,53;EGM_EBITDA
REGIÃO 15  - BLUMENAU;400;230203,8;Regionais
REGIÃO 15  - BLUMENAU;406;70220,7;Regionais
REGIÃO 15  - BLUMENAU;421;77504,66;Regionais
REGIÃO 15  - BLUMENAU;459;113334,49;Regionais
REGIÃO 15  - BLUMENAU;546;108614,3;Regionais
REGIÃO 16 - PATO BRANCO;232;144374,21;Regionais
REGIÃO 16 - PATO BRANCO;235;87150,88;Regionais
REGIÃO 16 - PATO BRANCO;240;218302,7;MNM_LN
REGIÃO 16 - PATO BRANCO;245;151867,17;Regionais
REGIÃO 16 - PATO BRANCO;248;298764,52;Regionais
REGIÃO 16 - PATO BRANCO;256;152205,14;Regionais
REGIÃO 16 - PATO BRANCO;318;216971,6;Regionais
REGIÃO 16 - PATO BRANCO;327;231195,14;Regionais
REGIÃO 16 - PATO BRANCO;328;120491,2;Regionais
REGIÃO 16 - PATO BRANCO;345;133819,33;Regionais
REGIÃO 16 - PATO BRANCO;350;157191,66;Regionais
REGIÃO 16 - PATO BRANCO;356;241386,13;Regionais
REGIÃO 16 - PATO BRANCO;357;106935,28;Regionais
REGIÃO 16 - PATO BRANCO;370;206984,08;Regionais
REGIÃO 16 - PATO BRANCO;396;127326,12;Regionais
REGIÃO 16 - PATO BRANCO;407;115782,6;Regionais
REGIÃO 16 - PATO BRANCO;416;116074,18;Regionais
REGIÃO 16 - PATO BRANCO;453;118281,26;MNM_LN
REGIÃO 16 - PATO BRANCO;487;146266,56;Regionais
REGIÃO 16 - PATO BRANCO;499;141580,65;Regionais
REGIÃO 16 - PATO BRANCO;507;70966,68;Regionais
REGIÃO 16 - PATO BRANCO;513;75827,91;MNM_LN
REGIÃO 16 - PATO BRANCO;575;90881,09;MNM_LN
REGIÃO 16 - PATO BRANCO;641;67581,51;LN_2a
REGIÃO 16 - PATO BRANCO;648;228128,57;LN_1a
REGIÃO 17 - PONTA GROSSA;415;334565,96;Regionais
REGIÃO 17 - PONTA GROSSA;439;185067,03;Regionais
REGIÃO 17 - PONTA GROSSA;448;90038,44;Regionais
REGIÃO 17 - PONTA GROSSA;452;160333,46;Regionais
REGIÃO 17 - PONTA GROSSA;471;133972,52;Regionais
REGIÃO 17 - PONTA GROSSA;478;170790,93;Regionais
REGIÃO 17 - PONTA GROSSA;490;138970,04;Regionais
REGIÃO 17 - PONTA GROSSA;512;266259,85;Regionais
REGIÃO 17 - PONTA GROSSA;518;108284,92;EGM_EBITDA
REGIÃO 17 - PONTA GROSSA;523;174109,32;Regionais
REGIÃO 17 - PONTA GROSSA;525;132070,26;Regionais
REGIÃO 17 - PONTA GROSSA;536;110326,17;Regionais
REGIÃO 17 - PONTA GROSSA;554;146297,08;EGM_EBITDA
REGIÃO 17 - PONTA GROSSA;566;172997,86;MNM_LN
REGIÃO 17 - PONTA GROSSA;569;158395,57;Regionais
REGIÃO 17 - PONTA GROSSA;573;-135;Regionais
REGIÃO 17 - PONTA GROSSA;592;125455,21;Regionais
REGIÃO 17 - PONTA GROSSA;598;96231,97;Regionais
REGIÃO 17 - PONTA GROSSA;609;174153,12;Regionais
REGIÃO 17 - PONTA GROSSA;610;100246,34;Regionais
REGIÃO 17 - PONTA GROSSA;622;166247,88;LN_2a
REGIÃO 17 - PONTA GROSSA;640;95451,79;LN_2a
REGIÃO 17 - PONTA GROSSA;655;175127,81;LN_1a
REGIÃO 18 - CRICIUMA;337;209110,02;Regionais
REGIÃO 18 - CRICIUMA;352;112609,05;Regionais
REGIÃO 18 - CRICIUMA;376;109770,06;Regionais
REGIÃO 18 - CRICIUMA;411;67480,88;Regionais
REGIÃO 18 - CRICIUMA;422;105213,49;Regionais
REGIÃO 18 - CRICIUMA;432;107934,1;Regionais
REGIÃO 18 - CRICIUMA;444;99384,83;MNM_LN
REGIÃO 18 - CRICIUMA;455;80146,36;EGM_EBITDA
REGIÃO 18 - CRICIUMA;462;75250,72;Regionais
REGIÃO 18 - CRICIUMA;486;67589,74;EGM_EBITDA
REGIÃO 18 - CRICIUMA;493;110027,44;Regionais
REGIÃO 18 - CRICIUMA;509;154469,4;Regionais
REGIÃO 18 - CRICIUMA;522;300517,73;Regionais
REGIÃO 18 - CRICIUMA;534;137213,11;Regionais
REGIÃO 18 - CRICIUMA;542;110993,19;EGM_EBITDA
REGIÃO 18 - CRICIUMA;553;55655,93;EGM_EBITDA
REGIÃO 18 - CRICIUMA;599;115984,65;Regionais
REGIÃO 19 - UMUARAMA;372;148961,74;Regionais
REGIÃO 19 - UMUARAMA;386;135910,07;Regionais
REGIÃO 19 - UMUARAMA;391;194405,93;Regionais
REGIÃO 19 - UMUARAMA;394;81839,96;Regionais
REGIÃO 19 - UMUARAMA;414;148132,91;Regionais
REGIÃO 19 - UMUARAMA;428;169335,49;Regionais
REGIÃO 19 - UMUARAMA;429;147207,02;Regionais
REGIÃO 19 - UMUARAMA;430;189589,75;Regionais
REGIÃO 19 - UMUARAMA;437;167622,92;Regionais
REGIÃO 19 - UMUARAMA;476;106893,12;Regionais
REGIÃO 19 - UMUARAMA;477;106214,45;Regionais
REGIÃO 19 - UMUARAMA;503;123231,78;Regionais
REGIÃO 19 - UMUARAMA;519;81034,66;MNM_LN
REGIÃO 19 - UMUARAMA;544;70865,79;Regionais
REGIÃO 19 - UMUARAMA;563;77466,31;Regionais
REGIÃO 19 - UMUARAMA;589;160042,6;Regionais
REGIÃO 19 - UMUARAMA;596;212722,45;Regionais
REGIÃO 19 - UMUARAMA;607;143305,03;Regionais
REGIÃO 19 - UMUARAMA;627;89488,52;LN_2a
REGIÃO 19 - UMUARAMA;631;111183,56;LN_2a
REGIÃO 19 - UMUARAMA;659;79612,12;LN_1a
REGIÃO 19 - UMUARAMA;664;82617,42;LN_1a
REGIÃO 19 - UMUARAMA;671;148092,84;LN_1a
REGIÃO 20 - LONDRINA;498;135888,74;EGM_EBITDA
REGIÃO 20 - LONDRINA;506;94737,02;Regionais
REGIÃO 20 - LONDRINA;511;99995,72;Regionais
REGIÃO 20 - LONDRINA;520;101530,99;Regionais
REGIÃO 20 - LONDRINA;548;163950,18;Regionais
REGIÃO 20 - LONDRINA;556;106230;MNM_LN
REGIÃO 20 - LONDRINA;564;67313,31;Regionais
REGIÃO 20 - LONDRINA;570;101778,75;Regionais
REGIÃO 20 - LONDRINA;572;219,99;Regionais
REGIÃO 20 - LONDRINA;574;89369,18;MNM_LN
REGIÃO 20 - LONDRINA;576;104656,81;MNM_LN
REGIÃO 20 - LONDRINA;590;88915,29;MNM_LN
REGIÃO 20 - LONDRINA;601;130108,37;Regionais
REGIÃO 20 - LONDRINA;628;120633,41;LN_2a
REGIÃO 20 - LONDRINA;632;107813,98;LN_2a
REGIÃO 20 - LONDRINA;636;125295,12;LN_2a
REGIÃO 20 - LONDRINA;647;163372,35;LN_1a
REGIÃO 21 - MARINGÁ;591;147071,02;Regionais
REGIÃO 21 - MARINGÁ;594;140607,63;Regionais
REGIÃO 21 - MARINGÁ;600;148640,8;MNM_LN
REGIÃO 21 - MARINGÁ;603;83952,8;Regionais
REGIÃO 21 - MARINGÁ;616;171267,66;Regionais
REGIÃO 21 - MARINGÁ;643;113770,17;LN_1a
REGIÃO 21 - MARINGÁ;644;70027,21;LN_1a
REGIÃO 21 - MARINGÁ;651;150644,84;LN_1a
REGIÃO 21 - MARINGÁ;658;133610,84;LN_1a
REGIÃO 21 - MARINGÁ;668;71186,78;LN_1a
REGIÃO 21 - MARINGÁ;417;141751,45;Regionais
REGIÃO 21 - MARINGÁ;425;278358,74;MNM_LN
REGIÃO 21 - MARINGÁ;438;112187,31;EGM_EBITDA
REGIÃO 21 - MARINGÁ;440;156317,9;EGM_EBITDA
REGIÃO 21 - MARINGÁ;463;85755,64;Regionais
REGIÃO 21 - MARINGÁ;495;122024,08;EGM_EBITDA
REGIÃO 21 - MARINGÁ;502;114144,98;Regionais
REGIÃO 21 - MARINGÁ;504;102520,75;Regionais
REGIÃO 21 - MARINGÁ;510;140874,18;MNM_LN
REGIÃO 21 - MARINGÁ;517;128397,15;Regionais
REGIÃO 21 - MARINGÁ;532;144188,36;Regionais
REGIÃO 21 - MARINGÁ;543;94377,99;Regionais
REGIÃO 21 - MARINGÁ;558;55026,64;EGM_EBITDA
REGIÃO 21 - MARINGÁ;586;81665,34;MNM_LN
REGIÃO 21 - MARINGÁ;588;49235,11;Regionais
REGIÃO 22 - PRESIDENTE PRUDENTE;524;165506,64;EGM_EBITDA
REGIÃO 22 - PRESIDENTE PRUDENTE;531;76122,1;EGM_EBITDA
REGIÃO 22 - PRESIDENTE PRUDENTE;535;105736,53;Regionais
REGIÃO 22 - PRESIDENTE PRUDENTE;539;85806,37;Regionais
REGIÃO 22 - PRESIDENTE PRUDENTE;540;112492,73;Regionais
REGIÃO 22 - PRESIDENTE PRUDENTE;547;166335,61;Regionais
REGIÃO 22 - PRESIDENTE PRUDENTE;559;151985,16;EGM_EBITDA
REGIÃO 22 - PRESIDENTE PRUDENTE;578;133159,16;EGM_EBITDA
REGIÃO 22 - PRESIDENTE PRUDENTE;583;132634,27;Regionais
REGIÃO 22 - PRESIDENTE PRUDENTE;585;99889,38;Regionais
REGIÃO 22 - PRESIDENTE PRUDENTE;593;120539,81;Regionais
REGIÃO 22 - PRESIDENTE PRUDENTE;614;182088,22;Regionais
REGIÃO 22 - PRESIDENTE PRUDENTE;621;129235,67;LN_2a
REGIÃO 22 - PRESIDENTE PRUDENTE;625;139666,15;LN_2a
REGIÃO 22 - PRESIDENTE PRUDENTE;629;86222,28;LN_2a
REGIÃO 22 - PRESIDENTE PRUDENTE;634;99806,19;LN_2a
REGIÃO 22 - PRESIDENTE PRUDENTE;637;134049,98;LN_1a
REGIÃO 22 - PRESIDENTE PRUDENTE;649;105728,23;LN_1a
REGIÃO 22 - PRESIDENTE PRUDENTE;650;144186,25;LN_1a
REGIÃO 22 - PRESIDENTE PRUDENTE;652;141857,41;LN_1a
REGIÃO 23 - SOLEDADE;272;129521,93;Regionais
REGIÃO 23 - SOLEDADE;292;201933,6;MNM_RS
REGIÃO 23 - SOLEDADE;313;163372,04;Regionais
REGIÃO 23 - SOLEDADE;320;134927,84;Regionais
REGIÃO 23 - SOLEDADE;321;53052,59;Regionais
REGIÃO 23 - SOLEDADE;322;247421,42;Regionais
REGIÃO 23 - SOLEDADE;436;70938,85;MNM_RS
REGIÃO 23 - SOLEDADE;515;178895,29;Regionais
REGIÃO 23 - SOLEDADE;516;378622,67;Regionais
REGIÃO 23 - SOLEDADE;27;278783,48;Regionais
REGIÃO 23 - SOLEDADE;35;120432,48;Regionais
REGIÃO 23 - SOLEDADE;128;170000,04;Regionais
REGIÃO 23 - SOLEDADE;184;221210,05;Regionais
REGIÃO 23 - SOLEDADE;199;118513,7;MNM_RS
REGIÃO 23 - SOLEDADE;216;416605,55;Regionais
REGIÃO 23 - SOLEDADE;217;147491,38;Regionais
REGIÃO 24 - LITORAL;111;157141,24;Regionais
REGIÃO 24 - LITORAL;113;199606,44;Regionais
REGIÃO 24 - LITORAL;124;285563,67;Regionais
REGIÃO 24 - LITORAL;129;349906,34;Regionais
REGIÃO 24 - LITORAL;135;200604,06;Regionais
REGIÃO 24 - LITORAL;169;106477,24;Regionais
REGIÃO 24 - LITORAL;192;211351,11;Regionais
REGIÃO 24 - LITORAL;285;156676,51;Regionais
REGIÃO 24 - LITORAL;334;140852,92;Regionais
REGIÃO 24 - LITORAL;338;208628,6;Regionais
REGIÃO 24 - LITORAL;358;172472,27;Regionais
REGIÃO 24 - LITORAL;373;253713,49;Regionais
REGIÃO 24 - LITORAL;431;197628,15;Regionais
REGIÃO 24 - LITORAL;494;130230,96;Regionais
REGIÃO 24 - LITORAL;642;208650,24;LN_1a
REGIÃO 25 - GUARAPUAVA;233;195937,06;Regionais
REGIÃO 25 - GUARAPUAVA;249;135176,18;Regionais
REGIÃO 25 - GUARAPUAVA;274;122242,9;Regionais
REGIÃO 25 - GUARAPUAVA;353;191616,3;Regionais
REGIÃO 25 - GUARAPUAVA;354;164395,45;Regionais
REGIÃO 25 - GUARAPUAVA;367;161218,43;Regionais
REGIÃO 25 - GUARAPUAVA;368;151712,74;Regionais
REGIÃO 25 - GUARAPUAVA;381;139458,98;Regionais
REGIÃO 25 - GUARAPUAVA;443;120649,82;Regionais
REGIÃO 25 - GUARAPUAVA;457;129578,73;Regionais
REGIÃO 25 - GUARAPUAVA;461;169161,82;Regionais
REGIÃO 25 - GUARAPUAVA;465;182105,5;MNM_LN
REGIÃO 25 - GUARAPUAVA;470;83083,68;Regionais
REGIÃO 25 - GUARAPUAVA;474;141361,82;EGM_EBITDA
REGIÃO 25 - GUARAPUAVA;479;126340,4;MNM_LN
REGIÃO 25 - GUARAPUAVA;489;109252,52;Regionais
REGIÃO 25 - GUARAPUAVA;545;121923,21;Regionais
REGIÃO 25 - GUARAPUAVA;562;154431,05;Regionais
REGIÃO 25 - GUARAPUAVA;577;104790,02;Regionais
REGIÃO 25 - GUARAPUAVA;666;190044,81;LN_1a
REGIÃO 25 - GUARAPUAVA;672;94149,05;LN_1a
REGIÃO 26 - DOURADOS;362;166206,31;Regionais
REGIÃO 26 - DOURADOS;420;107739,2;Regionais
REGIÃO 26 - DOURADOS;460;153169,72;Regionais
REGIÃO 26 - DOURADOS;530;83819,9;Regionais
REGIÃO 26 - DOURADOS;541;209148,49;Regionais
REGIÃO 26 - DOURADOS;555;136109,94;MNM_LN
REGIÃO 26 - DOURADOS;557;169851,3;Regionais
REGIÃO 26 - DOURADOS;560;38576,05;MNM_LN
REGIÃO 26 - DOURADOS;567;119688,18;Regionais
REGIÃO 26 - DOURADOS;571;109059,76;Regionais
REGIÃO 26 - DOURADOS;579;259870,71;MNM_LN
REGIÃO 26 - DOURADOS;606;117916,43;Regionais
REGIÃO 26 - DOURADOS;653;117011,47;LN_1a
REGIÃO 26 - DOURADOS;661;213267,25;LN_1a
